"Timestamp","Sex","Age","Status","Koliko ste zadovoljni vodstvom grada Splita","Što Vam najviše smeta u gradu Splitu?","Osjećate li se sigurno na ulicama grada Splita?","Kakva je Vaša percepcija policije u gradu Splitu?","Što Vam najviše smeta u ekonomiji grada Splita?","Koji uređaj najviše koristite? Od 1 (najmanje) do 5 (najviše) [Mobilni uređaj]","Koji uređaj najviše koristite? Od 1 (najmanje) do 5 (najviše) [Kućni telefon]","Koji uređaj najviše koristite? Od 1 (najmanje) do 5 (najviše) [Laptop]","Koji uređaj najviše koristite? Od 1 (najmanje) do 5 (najviše) [Internet Cafe]","Koji uređaj najviše koristite? Od 1 (najmanje) do 5 (najviše) [Kabelsku televiziju]","Koji uređaj najviše koristite? Od 1 (najmanje) do 5 (najviše) [Satelitsku televiziju]"
"2020/11/07 7:01:39 am CET","Muško","25-35","Zaposlen/na","Indiferentan/na sam","Grafiti i netrpeljivost prema manjinama","Ne osjećam se sigurno","Policija ni dobro ni loše radi svoj posao","Ovisnost o turizmu","5","1","3","1","3","1"
"2020/11/07 2:53:25 pm CET","Muško","35-65","Zaposlen/na","Zadovoljan/na sam","Manjak kulturnih sadržaja","Osjećam se sigurno","Policija dobro radi svoj posao","Malene plaće","5","1","5","1","5","5"
"2020/11/07 2:55:21 pm CET","Muško","25-35","Zaposlen/na","Nisam zadovoljan/na","Splicani","Ne osjećam se sigurno","Policija svoj posao ne radi dobro","Banovina","5","1","5","1","1","1"
"2020/11/07 2:58:25 pm CET","Muško","19-25","Student/ica","Indiferentan/na sam","Ne efikasno vodstvo grada","Osjećam se sigurno","Policija ni dobro ni loše radi svoj posao","Malene plaće","5","1","5","1","3","3"
"2020/11/07 3:09:01 pm CET","Žensko","19-25","Student/ica","Indiferentan/na sam","Promet","Osjećam se sigurno","Policija ni dobro ni loše radi svoj posao","Ne znam","5","1","5","3","1","1"
"2020/11/07 3:13:56 pm CET","Muško","25-35","Zaposlen/na","Indiferentan/na sam","Infrastruktura ","Osjećam se sigurno","Policija svoj posao ne radi dobro","Nedovoljna samoodrživost","5","1","4","1","1","2"
"2020/11/07 3:21:46 pm CET","Muško","35-65","Zaposlen/na","Nisam zadovoljan/na","Neiskoristeni potencijali ","Osjećam se u potpunosti sigurno","Policija dobro radi svoj posao","Neiskoristeni potencijali, nema suradnje medu raznim granama ,turizam-sport,zdravstvo,....","5","1","5","3","5","1"
"2020/11/07 3:24:28 pm CET","Žensko","35-65","Zaposlen/na","Iznimno sam zadovoljan/na","Zao mi je sto su stanovnici centra iselili u druge djelovw grada, ceste bi mogle biti bolje.","Osjećam se u potpunosti sigurno","Policija dobro radi svoj posao","Nemogucnost zaposlenja","3","1","2","1","3","1"
"2020/11/07 3:29:12 pm CET","Muško","35-65","Umirovljenik/ica","Nisam zadovoljan/na","Nered i nebriga ","Osjećam se sigurno","Policija ni dobro ni loše radi svoj posao","Nebriga za opće dobro","4","1","3","2","1","1"
"2020/11/07 3:30:31 pm CET","Muško","19-25","Zaposlen/na","Nisam zadovoljan/na","Nedostatak sadržaja zabavne edukativne i kulturne vrste ","Osjećam se sigurno","Policija ni dobro ni loše radi svoj posao","Kriva ulaganja i nerješen problem vodenog filtera i ulaza u grad ","5","1","3","1","3","1"
"2020/11/07 3:30:58 pm CET","Muško","35-65","Zaposlen/na","Iznimno sam nezadovoljan/na","Bezvlašće i nekultura","Osjećam se sigurno","Policija ni dobro ni loše radi svoj posao","Korupcija","5","1","1","1","5","1"
"2020/11/07 3:31:51 pm CET","Žensko","35-65","Zaposlen/na","Nisam zadovoljan/na","Nedostatak parkinga","Ne osjećam se ni sigurno ni nesigurno","Policija ni dobro ni loše radi svoj posao","Slaba mogucnost zaposlenja","5","2","2","2","2","2"
"2020/11/07 3:33:45 pm CET","Muško","35-65","Zaposlen/na","Indiferentan/na sam","Loša infrastrukturna strategija","Osjećam se sigurno","Policija ni dobro ni loše radi svoj posao","Gospodarska strategija nije u skladu s izazovima danasnjeg vremena","5","4","4","2","3","2"
"2020/11/07 3:35:00 pm CET","Žensko","35-65","Zaposlen/na","Nisam zadovoljan/na","Urbanistički nered","Osjećam se sigurno","Policija dobro radi svoj posao","Netransparentnost","5","3","5","4","4","4"
"2020/11/07 3:36:32 pm CET","Žensko","25-35","Zaposlen/na","Nisam zadovoljan/na","Zapuštenost i nesređenost javnih površina, vođenje grada prema interesima pojedinaca, gradnja kvarova neplanirano, uhljebljuvanje u državnim firmama","Osjećam se sigurno","Policija ni dobro ni loše radi svoj posao","Neiskorištavanje gradskih potencijala već dugo vremena","5","1","5","2","5","4"
"2020/11/07 3:36:56 pm CET","Muško","35-65","Zaposlen/na","Iznimno sam nezadovoljan/na","Loše upravljanje kapitalom i ljudskim resursima... ","Osjećam se sigurno","Policija svoj posao ne radi dobro","Transparentnost","5","1","5","1","5","1"
"2020/11/07 3:37:16 pm CET","Žensko","35-65","Zaposlen/na","Nisam zadovoljan/na","Nered i nerad","Osjećam se sigurno","Policija dobro radi svoj posao","Di su pare?!? Netransparentnost","4","1","2","1","1","4"
"2020/11/07 3:40:19 pm CET","Muško","35-65","Zaposlen/na","Indiferentan/na sam","Nebriga i nerad na područjima koje bi grad trebao organizirati i voditi. Nedostatak inicijative i strategije razvija","Osjećam se sigurno","Policija dobro radi svoj posao","Nedoboljno ulaganje u održavanje cesta (asfalta), nedostatak pločnika u brijnim kvartovima, vjerojatno slaba iskoristivost zaposlenih u GU","5","3","3","1","5","1"
"2020/11/07 3:41:41 pm CET","Žensko","35-65","Zaposlen/na","Nisam zadovoljan/na","Nered","Ne osjećam se ni sigurno ni nesigurno","Policija svoj posao ne radi dobro","Triskovi","5","1","5","1","1","5"
"2020/11/07 3:42:30 pm CET","Žensko","35-65","Zaposlen/na","Indiferentan/na sam","Korupcija","Osjećam se sigurno","Policija ni dobro ni loše radi svoj posao","Sve se bazira na turizmu","5","2","4","1","4","1"
"2020/11/07 3:42:34 pm CET","Žensko","35-65","Zaposlen/na","Indiferentan/na sam","Nepotizam i stranačko kadrovriranje","Osjećam se sigurno","Policija dobro radi svoj posao","Ne razumijem se u ekonimiju grada ","5","3","4","1","3","1"
"2020/11/07 3:42:51 pm CET","Žensko","35-65","Zaposlen/na","Zadovoljan/na sam","Parking","Osjećam se sigurno","Policija ni dobro ni loše radi svoj posao","Slab napredak, nezapislenost","4","1","3","1","5","5"
"2020/11/07 3:43:00 pm CET","Žensko","35-65","Zaposlen/na","Indiferentan/na sam","Smece","Osjećam se sigurno","Policija ni dobro ni loše radi svoj posao","Xx","5","2","1","2","1","5"
"2020/11/07 3:44:34 pm CET","Muško","35-65","Zaposlen/na","Iznimno sam nezadovoljan/na","Nerad i uhljebljivanje na svim razinama bez stručnosti i znanja ","Osjećam se sigurno","Policija dobro radi svoj posao","Trošenje novca na gluposti na šminkanje pred izbore bez plana za ikakvog i totalno neznanje u vođenju financija i prioritetima plus pogodovanje i lopovluk ","5","4","4","1","4","4"
"2020/11/07 3:44:38 pm CET","Žensko","35-65","Zaposlen/na","Nisam zadovoljan/na","Manjak dugoročne strategije razvoja","Ne osjećam se ni sigurno ni nesigurno","Policija loše radi svoj posao","Nerealno visoke cijene nekretnina","5","1","4","2","1","1"
"2020/11/07 3:45:40 pm CET","Žensko","35-65","Zaposlen/na","Nisam zadovoljan/na","Ljudi koje nije briga i grad koji gubi identitet","Ne osjećam se ni sigurno ni nesigurno","Policija ni dobro ni loše radi svoj posao","U kojoj ekonomiji? Sve sta nema veze s turizmom je osudeno na propast a s ovim virusom sad je i to postalo upitno.","5","2","4","1","4","1"
"2020/11/07 3:48:10 pm CET","Žensko","25-35","Zaposlen/na","Nisam zadovoljan/na","Nista posebno","Osjećam se sigurno","Policija ni dobro ni loše radi svoj posao","Nista","4","1","3","2","4","1"
"2020/11/07 3:50:58 pm CET","Žensko","35-65","Zaposlen/na","Nisam zadovoljan/na","Problem parkinga, neurednost i nečistoća ulica, zapuštenost i nerazvijanje kvartova","Ne osjećam se ni sigurno ni nesigurno","Policija ni dobro ni loše radi svoj posao","Ne bih znala specificirati.","5","1","3","1","4","1"
"2020/11/07 3:51:03 pm CET","Muško","35-65","Zaposlen/na","Indiferentan/na sam","Manjak percepcije organizacije i dugoročne strategije upravljanja gradom.","Osjećam se sigurno","Policija dobro radi svoj posao","Nerealno visoke cijene nekretnina.","4","1","4","1","1","1"
"2020/11/07 3:53:01 pm CET","Žensko","35-65","Nezapolen/na","Nisam zadovoljan/na","Nered","Osjećam se sigurno","Policija dobro radi svoj posao","Nisam kopetetna","2","5","3","4","5","2"
"2020/11/07 3:53:05 pm CET","Žensko","35-65","Zaposlen/na","Zadovoljan/na sam","Odbaceno smece","Osjećam se sigurno","Policija dobro radi svoj posao","Nebriga za mlade","5","4","5","3","5","3"
"2020/11/07 3:53:32 pm CET","Žensko","25-35","Zaposlen/na","Nisam zadovoljan/na","Nekultura ljudi","Osjećam se sigurno","Policija dobro radi svoj posao","Neznam","5","2","3","2","1","5"
"2020/11/07 3:53:58 pm CET","Muško","35-65","Zaposlen/na","Nisam zadovoljan/na","Perspektiva u zapošljavanju mladih","Osjećam se sigurno","Policija dobro radi svoj posao","Nema večih projekata","5","1","4","1","5","1"
"2020/11/07 3:55:04 pm CET","Žensko","25-35","Zaposlen/na","Nisam zadovoljan/na","Orijentiranost na turizam, a zanemarivanje lokalnog stanovništva.","Ne osjećam se sigurno","Policija svoj posao ne radi dobro","Privatni interesi","5","1","3","1","4","1"
"2020/11/07 3:55:29 pm CET","Muško","35-65","Zaposlen/na","Nisam zadovoljan/na","Nered u svakom segmentu","Osjećam se sigurno","Policija svoj posao ne radi dobro","Prevuse neradnika","5","1","1","1","2","1"
"2020/11/07 3:55:37 pm CET","Muško","19-25","Student/ica","Indiferentan/na sam","N","Osjećam se u potpunosti sigurno","Policija svoj posao ne radi dobro","A","5","2","3","1","1","1"
"2020/11/07 3:55:55 pm CET","Žensko","65-99","Umirovljenik/ica","Iznimno sam nezadovoljan/na","Inertnost na svim podrucjima","Osjećam se sigurno","Policija ni dobro ni loše radi svoj posao","Mrtvilo totalno","5","2","1","1","3","1"
"2020/11/07 3:55:58 pm CET","Muško","25-35","Zaposlen/na","Nisam zadovoljan/na","Grad koji je sveden samo na turizam a infrastruktura neprati razvoj","Osjećam se sigurno","Policija dobro radi svoj posao","Zaostajalost u razvoju nespram drugih gradova","5","1","2","3","1","1"
"2020/11/07 3:56:09 pm CET","Muško","35-65","Umirovljenik/ica","Nisam zadovoljan/na","Loš gradonačelnik i prebukirana, nepotrebna Banovina","Osjećam se sigurno","Policija dobro radi svoj posao","Puno toga","5","1","2","1","5","1"
"2020/11/07 3:57:59 pm CET","Žensko","35-65","Umirovljenik/ica","Nisam zadovoljan/na","Sve pomalo, promet, infrastruktura...","Ne osjećam se ni sigurno ni nesigurno","Policija dobro radi svoj posao","Previše politike i privatnih interesa","4","1","4","1","3","1"
"2020/11/07 3:58:43 pm CET","Žensko","19-25","Student/ica","Zadovoljan/na sam","Mentalitet","Ne osjećam se ni sigurno ni nesigurno","Policija ni dobro ni loše radi svoj posao","Niko ne radi svoj posao","4","1","4","2","3","3"
"2020/11/07 4:00:53 pm CET","Žensko","35-65","Zaposlen/na","Indiferentan/na sam","Smeće, otpad","Ne osjećam se ni sigurno ni nesigurno","Policija dobro radi svoj posao","Nedostatak posla","5","2","4","2","4","4"
"2020/11/07 4:01:09 pm CET","Muško","19-25","Student/ica","Indiferentan/na sam","Partizani","Osjećam se u potpunosti sigurno","Policija ni dobro ni loše radi svoj posao","Grad ne gleda prilike za profit","4","1","2","1","1","1"
"2020/11/07 4:01:18 pm CET","Muško","35-65","Umirovljenik/ica","Zadovoljan/na sam","Prometna(ne)kultura u pojedinaca...","Osjećam se sigurno","Policija ni dobro ni loše radi svoj posao","Nje gotovo da i nema,pa mi to najviše smeta.","4","1","4","2","5","1"
"2020/11/07 4:01:42 pm CET","Žensko","35-65","Zaposlen/na","Nisam zadovoljan/na","Neinventivnost, nedostatak inicijative za provođenjem promjena, gubitak identiteta Splita","Ne osjećam se ni sigurno ni nesigurno","Policija ni dobro ni loše radi svoj posao","Status quo...","5","1","3","1","5","1"
"2020/11/07 4:03:32 pm CET","Muško","19-25","Student/ica","Iznimno sam zadovoljan/na","Splitski naglasak","Osjećam se u potpunosti sigurno","Policija dobro radi svoj posao","Nista","5","3","4","1","3","1"
"2020/11/07 4:04:46 pm CET","Muško","19-25","Student/ica","Indiferentan/na sam","Turisti ","Ne osjećam se ni sigurno ni nesigurno","Policija dobro radi svoj posao","Neznam ","4","2","1","1","1","4"
"2020/11/07 4:08:39 pm CET","Muško","19-25","Zaposlen/na","Nisam zadovoljan/na","Manjak socijalnih eventova i sirine sportske ponude za treniranje","Osjećam se u potpunosti sigurno","Policija svoj posao ne radi dobro","Pa trenutno čak ok ","5","1","5","2","1","5"
"2020/11/07 4:11:09 pm CET","Muško","19-25","Student/ica","Nisam zadovoljan/na","Loše ceste,loše vođenje grada, neurednost, manjak poslovnih prilika i sadržaja za zabavu ","Osjećam se sigurno","Policija ni dobro ni loše radi svoj posao","Loše iskorištavanje novca za uređenje grada","5","2","3","1","2","1"
"2020/11/07 4:15:10 pm CET","Žensko","35-65","Nezapolen/na","Nisam zadovoljan/na","Nevidim nikakve promjene","Osjećam se sigurno","Policija ni dobro ni loše radi svoj posao","Ne ulaže se ništa ili jako malo","3","1","3","1","1","3"
"2020/11/07 4:15:13 pm CET","Muško","35-65","Zaposlen/na","Indiferentan/na sam","Komunalni nered","Osjećam se sigurno","Policija dobro radi svoj posao","Idiotizam","5","1","2","1","4","1"
"2020/11/07 4:16:54 pm CET","Žensko","35-65","Zaposlen/na","Nisam zadovoljan/na","Nemaju gdje izaći ljudi35+, nema klubova s dobrom glazbom. ","Ne osjećam se ni sigurno ni nesigurno","Policija ni dobro ni loše radi svoj posao","Potrebno je usmjeriti na sadržaje za mlade i djecu. ","5","1","4","1","2","2"
"2020/11/07 4:22:50 pm CET","Muško","35-65","Zaposlen/na","Nisam zadovoljan/na","Grad se poseljačija zadnjih 25 godina","Osjećam se sigurno","Policija ni dobro ni loše radi svoj posao","Podilaženje ""podobnim""","2","1","3","1","4","1"
"2020/11/07 4:24:32 pm CET","Žensko","25-35","Zaposlen/na","Iznimno sam nezadovoljan/na","Nesređenost i ne funkcionalnost svega u gradu, korupcija, ne poštivanje zakona","Osjećam se sigurno","Policija ni dobro ni loše radi svoj posao","Premalo prilika za mlade, los životni standard ","5","1","4","1","1","1"
"2020/11/07 4:26:41 pm CET","Muško","35-65","Zaposlen/na","Indiferentan/na sam","Odvoz glonaznog otpada","Osjećam se sigurno","Policija dobro radi svoj posao","Autobusni kolodvor","5","1","4","1","2","3"
"2020/11/07 4:28:09 pm CET","Muško","35-65","Zaposlen/na","Iznimno sam nezadovoljan/na","Urbanizam, sramotna nečistoća , zapuštene zelene površine , gradski kontejneri , ukupni nered i nesposobni gradonačelnik ","Osjećam se sigurno","Policija dobro radi svoj posao","Neprepoznavanje ključnih ulaganja u split","5","1","3","1","5","1"
"2020/11/07 4:29:16 pm CET","Muško","35-65","Zaposlen/na","Zadovoljan/na sam","Odvoz glomaznog otpada","Osjećam se sigurno","Policija dobro radi svoj posao","Autobusni kolodvor","5","1","4","1","3","1"
"2020/11/07 4:29:29 pm CET","Muško","35-65","Zaposlen/na","Zadovoljan/na sam","Odvoz glomaznog otpada","Osjećam se sigurno","Policija dobro radi svoj posao","Autobusni kolodvor","5","1","4","1","3","1"
"2020/11/07 4:30:40 pm CET","Žensko","35-65","Zaposlen/na","Nisam zadovoljan/na","Smeće, razbijene klupe uz more ...","Osjećam se u potpunosti sigurno","Policija dobro radi svoj posao","Stalno zapošljavanje novih kadrova, naravno po vezi","4","1","3","1","2","1"
"2020/11/07 4:31:01 pm CET","Muško","19-25","Student/ica","Indiferentan/na sam","Ne znam","Osjećam se sigurno","Policija ni dobro ni loše radi svoj posao","Ne znam","5","1","2","1","1","1"
"2020/11/07 4:33:54 pm CET","Muško","35-65","Zaposlen/na","Nisam zadovoljan/na","Promet","Osjećam se sigurno","Policija ni dobro ni loše radi svoj posao","Nema emonomije","2","1","1","2","1","1"
"2020/11/07 4:34:46 pm CET","Žensko","35-65","Zaposlen/na","Iznimno sam zadovoljan/na","Nedostatak parkinga (na kat)","Osjećam se sigurno","Policija dobro radi svoj posao","Ne bi svima davala besplatne udzbenike npr.","4","4","2","1","4","4"
"2020/11/07 4:39:42 pm CET","Muško","35-65","Zaposlen/na","Nisam zadovoljan/na","Primivitizam,zaostalost u svakom pogledu","Ne osjećam se ni sigurno ni nesigurno","Policija ni dobro ni loše radi svoj posao","Netransparentnost","5","1","5","1","1","5"
"2020/11/07 4:43:13 pm CET","Žensko","35-65","Umirovljenik/ica","Zadovoljan/na sam","Loš javni prijevoz","U potpunosti se ne osjećam sigurno","Policija dobro radi svoj posao","Pogrešno usmjerenje financija","3","1","1","1","2","2"
"2020/11/07 4:43:22 pm CET","Žensko","35-65","Zaposlen/na","Iznimno sam nezadovoljan/na","Nebriga u svim segmentima života, zapuštenost grada u poboljšavanju života njegovih građana, nedosljednost u izbornim obećanjima. Bitka samo za osobne interese pizicioniranih u gradskim službama, besperspektivnost kako za zaposlene jos više za mlade i nezaposlene. Kad bi se ocjenivalo od 0-5, ovo gradsko vodstvo zavrjeđuje veliku 0- NULU!.","Ne osjećam se ni sigurno ni nesigurno","Policija ni dobro ni loše radi svoj posao","Korumpiranost, osobna probitačnost i nepotizam,  nedodirljivi olimpizam ","5","1","3","1","5","1"
"2020/11/07 4:47:10 pm CET","Žensko","35-65","Zaposlen/na","Iznimno sam zadovoljan/na","Nepozdravljanje","Osjećam se sigurno","Policija dobro radi svoj posao","Vlast koja ne gleda opće i trajno dobro Grada nego svoj vlastiti status","4","1","4","1","1","1"
"2020/11/07 4:52:23 pm CET","Muško","35-65","Zaposlen/na","Nisam zadovoljan/na","Kontinuitet gluposti i uhljebljenje podobnih","Osjećam se sigurno","Policija ni dobro ni loše radi svoj posao","Niše za podobne","5","1","1","1","2","1"
"2020/11/07 4:57:31 pm CET","Žensko","35-65","Zaposlen/na","Nisam zadovoljan/na","Puno toga","Osjećam se u potpunosti sigurno","Policija dobro radi svoj posao","Nije transparentna","5","1","2","1","1","1"
"2020/11/07 5:08:54 pm CET","Žensko","25-35","Zaposlen/na","Nisam zadovoljan/na","Okoliš koji nije uređen ","Osjećam se sigurno","Policija ni dobro ni loše radi svoj posao","-","5","1","4","1","1","5"
"2020/11/07 5:12:00 pm CET","Žensko","35-65","Nezapolen/na","Nisam zadovoljan/na","Nered","Osjećam se sigurno","Policija dobro radi svoj posao","Nisam kopetetna","2","5","3","4","5","2"
"2020/11/07 5:14:39 pm CET","Muško","35-65","Zaposlen/na","Iznimno sam nezadovoljan/na","Glomazna administracijs","Osjećam se sigurno","Policija ni dobro ni loše radi svoj posao","Pretjerani udio državnih tvrtki","4","1","3","1","1","1"
"2020/11/07 5:14:52 pm CET","Muško","35-65","Zaposlen/na","Nisam zadovoljan/na","Jgp, i skup parking","Ne osjećam se sigurno","Policija svoj posao ne radi dobro","Nije jasan pojam ekonomija","2","1","5","1","1","1"
"2020/11/07 5:15:13 pm CET","Muško","35-65","Zaposlen/na","Nisam zadovoljan/na","Jgp, i skup parking","Ne osjećam se sigurno","Policija svoj posao ne radi dobro","Nije jasan pojam ekonomija","2","1","5","1","1","1"
"2020/11/07 5:23:11 pm CET","Žensko","25-35","Zaposlen/na","Nisam zadovoljan/na","Politika","Osjećam se sigurno","Policija dobro radi svoj posao","Ništa se ne radi ","5","1","3","1","3","3"
"2020/11/07 5:25:27 pm CET","Žensko","35-65","Umirovljenik/ica","Nisam zadovoljan/na","Ništa se ne radi. ","Osjećam se sigurno","Policija dobro radi svoj posao","Trošenje novca u parcijalne projekte. Loše planiranje. Loše upravljanje gradskim financijama i nekretninama. ","3","1","2","1","3","3"
"2020/11/07 5:26:51 pm CET","Žensko","35-65","Umirovljenik/ica","Iznimno sam nezadovoljan/na","Nestručnost na funkcijama,korupcija","Ne osjećam se ni sigurno ni nesigurno","Policija svoj posao ne radi dobro","Zar to postoji?","5","1","4","1","1","1"
"2020/11/07 5:36:30 pm CET","Žensko","35-65","Zaposlen/na","Indiferentan/na sam","Dojam općeg nereda na cestama, niču objekti kao da nema plana, nedovoljno vizije o razvoju grada i pažnje kok sadržaja koji su legitimacija ovog grada...","Osjećam se sigurno","Policija dobro radi svoj posao","Netransparentnost","5","1","4","2","5","1"
"2020/11/07 5:36:30 pm CET","Žensko","35-65","Zaposlen/na","Nisam zadovoljan/na","Loše ceste autobusov promet ljeti preko bacvica","Ne osjećam se ni sigurno ni nesigurno","Policija dobro radi svoj posao","Puno obećavaju dok ne stignu na vlast a onda zaposle svoje ljude a najmanje ae ulaze u boljitak grada samo.osobni interesi","4","3","5","1","5","1"
"2020/11/07 5:43:25 pm CET","Žensko","35-65","Zaposlen/na","Nisam zadovoljan/na","Nekulturno stanovnistvo","Osjećam se sigurno","Policija ni dobro ni loše radi svoj posao","Malo investiranja u zelene površine","4","1","2","1","1","1"
"2020/11/07 5:47:04 pm CET","Muško","35-65","Zaposlen/na","Indiferentan/na sam","Nedostatak strategije upravljanja i razvoja ","Osjećam se u potpunosti sigurno","Policija ni dobro ni loše radi svoj posao","To sto je gotovo i nema.","3","1","3","1","2","1"
"2020/11/07 5:56:28 pm CET","Žensko","35-65","Zaposlen/na","Nisam zadovoljan/na","Cistoca (nema kanta za smece nego samo uz more). ","Ne osjećam se ni sigurno ni nesigurno","Policija ni dobro ni loše radi svoj posao","Neorganiziran turizam","3","1","5","1","1","1"
"2020/11/07 6:12:49 pm CET","Muško","65-99","Umirovljenik/ica","Iznimno sam nezadovoljan/na","Nered u svemu oko sebe","Ne osjećam se ni sigurno ni nesigurno","Policija svoj posao ne radi dobro","Zar ima ekomomije u gradu","5","2","1","1","3","1"
"2020/11/07 6:13:29 pm CET","Žensko","35-65","Zaposlen/na","Nisam zadovoljan/na","Ne rješavanje problema","Ne osjećam se sigurno","Policija dobro radi svoj posao","Netraspatentnost","4","1","4","1","1","1"
"2020/11/07 6:17:42 pm CET","Žensko","25-35","Zaposlen/na","Nisam zadovoljan/na","Sve","Ne osjećam se ni sigurno ni nesigurno","Policija loše radi svoj posao","Sve ","5","2","3","1","3","4"
"2020/11/07 6:20:48 pm CET","Žensko","35-65","Nezapolen/na","Nisam zadovoljan/na","Prljave ulice","Ne osjećam se sigurno","Policija svoj posao ne radi dobro","Banovina sa svim svojim uredima za bilo sto sto ti treba je izrazito nedostupna,uglavnom sam moras rijesavati sve cak i ono sto spada na Grad Split.Iznimka je Cistoca s kojom uspijes dogovoriti i naci rijesenje za problem","5","1","3","1","1","1"
"2020/11/07 6:36:02 pm CET","Muško","35-65","Zaposlen/na","Zadovoljan/na sam","Primitivizam svih vrsta","Osjećam se u potpunosti sigurno","Policija dobro radi svoj posao","Sporost donošenja odluka","1","4","1","4","3","1"
"2020/11/07 6:50:08 pm CET","Žensko","35-65","Zaposlen/na","Zadovoljan/na sam","loša briga o otpadu tj o razvrstavanju otpada","Osjećam se sigurno","Policija dobro radi svoj posao","financiranje ne bitnih udruga u gradu","4","2","3","3","3","1"
"2020/11/07 6:54:41 pm CET","Žensko","35-65","Nezapolen/na","Nisam zadovoljan/na","Nered","Osjećam se sigurno","Policija dobro radi svoj posao","Nisam kopetetna","2","5","3","4","5","2"
"2020/11/07 7:35:37 pm CET","Muško","65-99","Umirovljenik/ica","Iznimno sam nezadovoljan/na","Nema pameti i kulture","Osjećam se u potpunosti sigurno","Policija dobro radi svoj posao","Korupcija","4","2","4","1","4","1"
"2020/11/07 8:00:31 pm CET","Žensko","35-65","Umirovljenik/ica","Nisam zadovoljan/na","Nista se ne cini za ovaj grad.","Osjećam se sigurno","Policija svoj posao ne radi dobro","Nista se ne radi za boljitak grada.","5","1","1","1","4","1"
"2020/11/07 8:21:48 pm CET","Žensko","35-65","Zaposlen/na","Nisam zadovoljan/na","Politikantstva, korupcija, zaostalosti u svakom pogledu","Ne osjećam se ni sigurno ni nesigurno","Policija ni dobro ni loše radi svoj posao","Korupcija, klijentelizam","5","1","3","1","1","5"
"2020/11/07 8:24:10 pm CET","Žensko","35-65","Zaposlen/na","Nisam zadovoljan/na","Korupcija, klijentelizam","Ne osjećam se ni sigurno ni nesigurno","Policija ni dobro ni loše radi svoj posao","Korupcija, netransparentnost","5","2","3","1","1","5"
"2020/11/07 8:38:59 pm CET","Žensko","35-65","Nezapolen/na","Nisam zadovoljan/na","Nemar, komunalni nered, bespravna gradnja, potkupljivost struktura, nebriga o baštini, prodaja i devastacija kulture i povijesne baštine, samovolja onih koji bi trebali biti odgovorni za brigu o gradu, zanemarivanje želja i potreba građana, nebriga za umjetnost i kulturu, kaos i opsada ugostiteljskim objektima....","Osjećam se sigurno","Policija svoj posao ne radi dobro","Ulaganje u pogrešna ili samo neka područja, potpuni nedostatak potpore i planiranja i ulaganja u kulturu i umjetnost i potrebe najosjetljivijih skupina ljudi","5","1","3","1","2","2"
"2020/11/07 8:40:38 pm CET","Žensko","35-65","Zaposlen/na","Nisam zadovoljan/na","Netransparentnost korupcija pripadnost stranci","Osjećam se sigurno","Policija dobro radi svoj posao","Visevpaznje kod trosenja zajednickog novca","4","4","3","2","5","1"
"2020/11/07 9:25:38 pm CET","Žensko","35-65","Zaposlen/na","Indiferentan/na sam","Nema napretka","Osjećam se sigurno","Policija dobro radi svoj posao","Ponavljam slab napredak","5","1","4","1","3","1"
"2020/11/07 9:30:51 pm CET","Muško","35-65","Zaposlen/na","Indiferentan/na sam","primitivci","Ne osjećam se ni sigurno ni nesigurno","Policija ni dobro ni loše radi svoj posao","ne znam","2","1","2","1","5","1"
"2020/11/07 9:41:55 pm CET","Žensko","19-25","Student/ica","Indiferentan/na sam","Promet","Osjećam se sigurno","Policija ni dobro ni loše radi svoj posao","Ne znam","5","1","5","3","1","1"
"2020/11/08 12:29:19 am CET","Žensko","35-65","Nezapolen/na","Iznimno sam nezadovoljan/na","Premalo parking mj.","Osjećam se sigurno","Policija ni dobro ni loše radi svoj posao","Previse ugostiteljstva","3","1","1","1","1","1"
"2020/11/08 5:30:55 am CET","Muško","65-99","Umirovljenik/ica","Iznimno sam nezadovoljan/na","Nema pameti i kulture","Osjećam se u potpunosti sigurno","Policija dobro radi svoj posao","Korupcija","4","2","4","1","4","1"
"2020/11/08 10:02:17 am CET","Muško","35-65","Nezapolen/na","Nisam zadovoljan/na","Velika korupcija i nerad. Nema razvoja ni dugoročnih planova. Posebna je katastrofa ""divlja"" izgradnja bez stila sa predimenzioniranjem za svaki kvadrat koji se često i krade ","Ne osjećam se ni sigurno ni nesigurno","Policija ni dobro ni loše radi svoj posao","Grad stagnira. Odumire. U njega se godinama ne ulaže u velike projekte već se samo ""krpe rupe"" i održava status quo","5","2","5","1","4","1"
"2020/11/08 2:29:14 pm CET","Žensko","19-25","Student/ica","Indiferentan/na sam","Promet","Osjećam se sigurno","Policija ni dobro ni loše radi svoj posao","Ne znam","5","1","5","3","1","1"
"2020/11/08 3:39:10 pm CET","Žensko","65-99","Umirovljenik/ica","Iznimno sam nezadovoljan/na","Ne odrzavanje nicega","Ne osjećam se ni sigurno ni nesigurno","Policija ni dobro ni loše radi svoj posao","Administracija guši kreativne","5","1","1","1","2","1"
"2020/11/08 7:54:37 pm CET","Žensko","65-99","Umirovljenik/ica","Nisam zadovoljan/na","Na vlasti su nesposobne i koristoljubive osobe zbog cega grad stagnira u svakom pogledu.","Ne osjećam se sigurno","Policija svoj posao ne radi dobro","Netransparentno trosenje novaca.","3","3","4","1","1","1"
"2020/11/09 4:51:40 pm CET","Žensko","35-65","Zaposlen/na","Indiferentan/na sam","Gubi identitet","Ne osjećam se ni sigurno ni nesigurno","Policija ni dobro ni loše radi svoj posao","Nije transparentno","5","1","5","1","5","1"
"2020/11/09 6:45:27 pm CET","Žensko","65-99","Umirovljenik/ica","Zadovoljan/na sam","Sto se dorsavaju 0","Osjećam se sigurno","Policija dobro radi svoj posao","Dobri projekti se sporo I tesko dovrsavaju","3","1","4","1","1","1"
"2020/11/09 9:32:22 pm CET","Muško","35-65","Zaposlen/na","Nisam zadovoljan/na","Korupcija,nepotizam,psovka,nekultura u prometu i drugim životnim situac","Ne osjećam se ni sigurno ni nesigurno","Policija svoj posao ne radi dobro","Spor razvoj ,sve ovisi o političkoj podobnosti","3","1","1","1","1","2"